{"1": {"unloaded": {"peak_voltage": 2.0828834255271853, "trough_voltage": 0.917116559127755, "rms_voltage": 0.020690446528360384, "mean_voltage": 1.5000028061156632, "snr": 15.68206345569126, "ripple_frequencies": [100.0, 1200.0, 3000.0], "ripple_amplitudes": [0.2999970190792207, 0.09994540079782396, 0.09965073137456619]}, "loaded": {"peak_voltage": 2.0828834255271853, "trough_voltage": 0.917116559127755, "rms_voltage": 0.020690446528360384, "mean_voltage": 1.5000028061156632, "snr": 15.68206345569126, "ripple_frequencies": [100.0, 1200.0, 3000.0], "ripple_amplitudes": [0.2999970190792207, 0.09994540079782396, 0.09965073137456619]}, "carculation_results": {"voltage_adjustment_rate": 0.0}, "min_max_range": {"max_voltage": 2.1499760214505064, "min_voltage": 0.8347529053629255, "voltage_range": 1.315223116087581}}, "2": {"unloaded": {"peak_voltage": 3.090946477773206, "trough_voltage": 1.8854260503177398, "rms_voltage": 0.011445106104660763, "mean_voltage": 2.499893864042767, "snr": 20.412462670220442, "ripple_frequencies": [100.0, 12000.0, 9999.0], "ripple_amplitudes": [0.3002385383567994, 0.09383213507051016, 0.047611669249524244]}, "loaded": {"peak_voltage": 2.144322693235505, "trough_voltage": 0.8512252322184825, "rms_voltage": 0.021005787503058926, "mean_voltage": 1.4999775554894725, "snr": 15.61764843970767, "ripple_frequencies": [100.0, 1200.0, 3000.0], "ripple_amplitudes": [0.3000156624577679, 0.09989512141046467, 0.0994537633870512]}, "carculation_results": {"voltage_adjustment_rate": 40.0}}, "3": {"unloaded": {"peak_voltage": 6.235381249697137, "trough_voltage": 2.641056634923485, "rms_voltage": 0.0613788989579529, "mean_voltage": 4.441131690568546, "snr": 15.673759718734932, "ripple_frequencies": [100.0, 1200.0, 3000.0], "ripple_amplitudes": [0.8882753508722435, 0.2962690976253411, 0.2948751908918272]}, "loaded": {"peak_voltage": 0.3975556298802398, "trough_voltage": -1.3449905447199946, "rms_voltage": 1.0662359430035095, "mean_voltage": -0.49969946744512533, "snr": 6.535854334197223, "ripple_frequencies": [100.0, 1200.0, 3000.0], "ripple_amplitudes": [0.29993160555782394, 0.10059598423658564, 0.09923104980864582]}, "carculation_results": {"voltage_adjustment_rate": 111.26126126126125}, "min_max_range": {"max_voltage": 2.173060390468431, "min_voltage": 0.8289838565946923, "voltage_range": 1.3440765338737386}}, "4": {"unloaded": {"peak_voltage": 2.0828834255271853, "trough_voltage": 0.917116559127755, "rms_voltage": 0.020690446528360384, "mean_voltage": 1.5000028061156632, "snr": 15.68206345569126, "ripple_frequencies": [100.0, 1200.0, 3000.0], "ripple_amplitudes": [0.2999970190792207, 0.09994540079782396, 0.09965073137456619]}, "loaded": {"peak_voltage": 2.047993741465369, "trough_voltage": 0.9674091931026425, "rms_voltage": 0.018984880997343412, "mean_voltage": 1.5001081947588484, "snr": 16.048688235502762, "ripple_frequencies": [100.0, 1200.0, 3000.0], "ripple_amplitudes": [0.3001780987196621, 0.09997612246384784, 0.09948300779982494]}, "carculation_results": {"voltage_adjustment_rate": 0.0}}, "\u4fe1\u53f7\u6e90": {"unloaded": {"peak_voltage": 2.9746335334696177, "trough_voltage": 2.210685983175236, "rms_voltage": 0.0027274688327589836, "mean_voltage": 2.5910460874926926, "snr": 26.773706661632808, "ripple_frequencies": [30000.0, 12000.0, 1000.0], "ripple_amplitudes": [0.09824085777726617, 0.09512631717342822, 0.05667530631716823]}, "loaded": {"peak_voltage": 2.1499760214505064, "trough_voltage": 0.8347529053629255, "rms_voltage": 0.021063920648801027, "mean_voltage": 1.5000295806350799, "snr": 15.606041926895928, "ripple_frequencies": [100.0, 3000.0, 1200.0], "ripple_amplitudes": [0.3003066358033489, 0.10007589690029511, 0.09986251100075892]}, "carculation_results": {"voltage_adjustment_rate": 42.084942084942085}, "min_max_range": {"max_voltage": 2.17, "min_voltage": 0.83, "voltage_range": 1.3399999999999999}}, "\u6d4b\u8bd5": {"unloaded": {"peak_voltage": 2.144322693235505, "trough_voltage": 0.8512252322184825, "rms_voltage": 0.021005787503058926, "mean_voltage": 1.4999775554894725, "snr": 15.61764843970767, "ripple_frequencies": [100.0, 1200.0, 3000.0], "ripple_amplitudes": [0.3000156624577679, 0.09989512141046467, 0.0994537633870512]}, "loaded": {"peak_voltage": 2.1499760214505064, "trough_voltage": 0.8347529053629255, "rms_voltage": 0.021063920648801027, "mean_voltage": 1.5000295806350799, "snr": 15.606041926895928, "ripple_frequencies": [100.0, 3000.0, 1200.0], "ripple_amplitudes": [0.3003066358033489, 0.10007589690029511, 0.09986251100075892]}, "carculation_results": {"voltage_adjustment_rate": 0.0}, "min_max_range": {"max_voltage": 2.1499760214505064, "min_voltage": 0.8347529053629255, "voltage_range": 1.315223116087581}}}